{
  "short": {
    "acc": 0.47619047619047616,
    "f1": 0.47619047619047616,
    "n": 21
  },
  "long": {
    "600": {
      "acc": 0.0,
      "f1": 0.0,
      "n": 7
    },
    "1200": {
      "acc": 0.14285714285714285,
      "f1": 0.14285714285714285,
      "n": 7
    }
  },
  "long_avg": {
    "acc": 0.07142857142857142,
    "f1": 0.07142857142857142
  }
}